ID,x,y,rotation_angle
100,12.96629051,12.96629051,0
101,130.5,12.96629051,0
102,248.0337095,12.96629051,0
103,12.96629051,74,0
104,248.0337095,74,0
105,12.96629051,135.0337095,0
106,130.5,135.0337095,0
107,248.0337095,135.0337095,0
