ID,x,y,rotation_angle
140,21.29302587,21.29302587,0
141,144.5,21.29302587,0
142,267.7069741,21.29302587,0
143,21.29302587,81,0
144,267.7069741,81,0
145,21.29302587,140.7069741,0
146,144.5,140.7069741,0
147,267.7069741,140.7069741,0
